Index	Name	Chromosome	Position	GenTrain Score	SNP	ILMN Strand	Customer Strand	NormID
1	ARS-BFGL-BAC-10172	14	6371334	0.9014	[A/G]	TOP	TOP	2
2	ARS-BFGL-BAC-1020	14	7928189	0.9260	[T/C]	BOT	TOP	1
3	ARS-BFGL-BAC-10245	14	31819743	0.7898	[T/C]	BOT	BOT	2
4	ARS-BFGL-BAC-10345	14	6133529	0.9310	[A/C]	TOP	TOP	2
5	ARS-BFGL-BAC-10365	14	27005721	0.9176	[A/C]	TOP	BOT	2
6	ARS-BFGL-BAC-10591	14	17544926	0.8578	[A/G]	TOP	TOP	1
7	ARS-BFGL-BAC-10793	14	29259114	0.9233	[C/G]	TOP	BOT	101
8	ARS-BFGL-BAC-10867	14	34639444	0.9293	[G/C]	BOT	BOT	102
9	ARS-BFGL-BAC-10951	10	17911906	0.9296	[T/G]	BOT	BOT	2
10	ARS-BFGL-BAC-10952	10	18882288	0.8904	[A/G]	TOP	TOP	2
